{
  "project_info": {
    "project_number": "703728785526",
    "firebase_url": "https://newfirebase-edee1-default-rtdb.firebaseio.com",
    "project_id": "newfirebase-edee1",
    "storage_bucket": "newfirebase-edee1.appspot.com"
  },
  "client": [
    {
      "client_info": {
        "mobilesdk_app_id": "1:703728785526:android:8ba7be527a1862741de757",
        "android_client_info": {
          "package_name": "com.example.connection_fire"
        }
      },
      "oauth_client": [
        {
          "client_id": "703728785526-h8o42cqaac6jon96jso0m1prg0a5bfpl.apps.googleusercontent.com",
          "client_type": 3
        }
      ],
      "api_key": [
        {
          "current_key": "AIzaSyDu2B0eEneEHqxqosTWPU1BpVKxmKJv-qo"
        }
      ],
      "services": {
        "appinvite_service": {
          "other_platform_oauth_client": [
            {
              "client_id": "703728785526-frcijniugfi0ql9a6ok78ok1l9dtbt42.apps.googleusercontent.com",
              "client_type": 3
            }
          ]
        }
      }
    },
    {
      "client_info": {
        "mobilesdk_app_id": "1:703728785526:android:50e668fac73e4f171de757",
        "android_client_info": {
          "package_name": "com.example.dynimcproject"
        }
      },
      "oauth_client": [
        {
          "client_id": "703728785526-h8o42cqaac6jon96jso0m1prg0a5bfpl.apps.googleusercontent.com",
          "client_type": 3
        }
      ],
      "api_key": [
        {
          "current_key": "AIzaSyDu2B0eEneEHqxqosTWPU1BpVKxmKJv-qo"
        }
      ],
      "services": {
        "appinvite_service": {
          "other_platform_oauth_client": [
            {
              "client_id": "703728785526-frcijniugfi0ql9a6ok78ok1l9dtbt42.apps.googleusercontent.com",
              "client_type": 3
            }
          ]
        }
      }
    },
    {
      "client_info": {
        "mobilesdk_app_id": "1:703728785526:android:328db63eea8f83791de757",
        "android_client_info": {
          "package_name": "com.example.firebaseconnection"
        }
      },
      "oauth_client": [
        {
          "client_id": "703728785526-h8o42cqaac6jon96jso0m1prg0a5bfpl.apps.googleusercontent.com",
          "client_type": 3
        }
      ],
      "api_key": [
        {
          "current_key": "AIzaSyDu2B0eEneEHqxqosTWPU1BpVKxmKJv-qo"
        }
      ],
      "services": {
        "appinvite_service": {
          "other_platform_oauth_client": [
            {
              "client_id": "703728785526-frcijniugfi0ql9a6ok78ok1l9dtbt42.apps.googleusercontent.com",
              "client_type": 3
            }
          ]
        }
      }
    },
    {
      "client_info": {
        "mobilesdk_app_id": "1:703728785526:android:17b515fe969bdad71de757",
        "android_client_info": {
          "package_name": "com.example.firebaserecycler"
        }
      },
      "oauth_client": [
        {
          "client_id": "703728785526-h8o42cqaac6jon96jso0m1prg0a5bfpl.apps.googleusercontent.com",
          "client_type": 3
        }
      ],
      "api_key": [
        {
          "current_key": "AIzaSyDu2B0eEneEHqxqosTWPU1BpVKxmKJv-qo"
        }
      ],
      "services": {
        "appinvite_service": {
          "other_platform_oauth_client": [
            {
              "client_id": "703728785526-frcijniugfi0ql9a6ok78ok1l9dtbt42.apps.googleusercontent.com",
              "client_type": 3
            }
          ]
        }
      }
    },
    {
      "client_info": {
        "mobilesdk_app_id": "1:703728785526:android:9c7f1c7eff6fbb3f1de757",
        "android_client_info": {
          "package_name": "com.example.googleauth"
        }
      },
      "oauth_client": [
        {
          "client_id": "703728785526-h8o42cqaac6jon96jso0m1prg0a5bfpl.apps.googleusercontent.com",
          "client_type": 3
        }
      ],
      "api_key": [
        {
          "current_key": "AIzaSyDu2B0eEneEHqxqosTWPU1BpVKxmKJv-qo"
        }
      ],
      "services": {
        "appinvite_service": {
          "other_platform_oauth_client": [
            {
              "client_id": "703728785526-frcijniugfi0ql9a6ok78ok1l9dtbt42.apps.googleusercontent.com",
              "client_type": 3
            }
          ]
        }
      }
    },
    {
      "client_info": {
        "mobilesdk_app_id": "1:703728785526:android:6c01d8b5d0c5074c1de757",
        "android_client_info": {
          "package_name": "com.example.phoneauth"
        }
      },
      "oauth_client": [
        {
          "client_id": "703728785526-n57iacs786bfncj5bun9tfuue0mnk92m.apps.googleusercontent.com",
          "client_type": 1,
          "android_info": {
            "package_name": "com.example.phoneauth",
            "certificate_hash": "629e351074d3d4c51ad9fddb0fa26a299add97fc"
          }
        },
        {
          "client_id": "703728785526-h8o42cqaac6jon96jso0m1prg0a5bfpl.apps.googleusercontent.com",
          "client_type": 3
        }
      ],
      "api_key": [
        {
          "current_key": "AIzaSyDu2B0eEneEHqxqosTWPU1BpVKxmKJv-qo"
        }
      ],
      "services": {
        "appinvite_service": {
          "other_platform_oauth_client": [
            {
              "client_id": "703728785526-frcijniugfi0ql9a6ok78ok1l9dtbt42.apps.googleusercontent.com",
              "client_type": 3
            }
          ]
        }
      }
    },
    {
      "client_info": {
        "mobilesdk_app_id": "1:703728785526:android:d7d0bcc1d4bc47761de757",
        "android_client_info": {
          "package_name": "com.example.recycle"
        }
      },
      "oauth_client": [
        {
          "client_id": "703728785526-h8o42cqaac6jon96jso0m1prg0a5bfpl.apps.googleusercontent.com",
          "client_type": 3
        }
      ],
      "api_key": [
        {
          "current_key": "AIzaSyDu2B0eEneEHqxqosTWPU1BpVKxmKJv-qo"
        }
      ],
      "services": {
        "appinvite_service": {
          "other_platform_oauth_client": [
            {
              "client_id": "703728785526-frcijniugfi0ql9a6ok78ok1l9dtbt42.apps.googleusercontent.com",
              "client_type": 3
            }
          ]
        }
      }
    },
    {
      "client_info": {
        "mobilesdk_app_id": "1:703728785526:android:72292f25f8b679091de757",
        "android_client_info": {
          "package_name": "com.example.registration"
        }
      },
      "oauth_client": [
        {
          "client_id": "703728785526-h8o42cqaac6jon96jso0m1prg0a5bfpl.apps.googleusercontent.com",
          "client_type": 3
        }
      ],
      "api_key": [
        {
          "current_key": "AIzaSyDu2B0eEneEHqxqosTWPU1BpVKxmKJv-qo"
        }
      ],
      "services": {
        "appinvite_service": {
          "other_platform_oauth_client": [
            {
              "client_id": "703728785526-frcijniugfi0ql9a6ok78ok1l9dtbt42.apps.googleusercontent.com",
              "client_type": 3
            }
          ]
        }
      }
    },
    {
      "client_info": {
        "mobilesdk_app_id": "1:703728785526:android:281d3aebc35312e91de757",
        "android_client_info": {
          "package_name": "com.example.sigingoogleauth"
        }
      },
      "oauth_client": [
        {
          "client_id": "703728785526-h8o42cqaac6jon96jso0m1prg0a5bfpl.apps.googleusercontent.com",
          "client_type": 3
        }
      ],
      "api_key": [
        {
          "current_key": "AIzaSyDu2B0eEneEHqxqosTWPU1BpVKxmKJv-qo"
        }
      ],
      "services": {
        "appinvite_service": {
          "other_platform_oauth_client": [
            {
              "client_id": "703728785526-frcijniugfi0ql9a6ok78ok1l9dtbt42.apps.googleusercontent.com",
              "client_type": 3
            }
          ]
        }
      }
    }
  ],
  "configuration_version": "1"
}